nome|sexo|datanascimento|cpf|identidade|email|endereco|telefone
Shelby|Masculino|02/27/1973|1632101043799|44931964-8|rhoncus@consequatlectussit.com|80940|0800 939383
Noel|Masculino|01/05/1955|1628041403799|38468134-4|augue.malesuada.malesuada@tellusfaucibusleo.ca|81794|070 3822 5149
Ciara|Masculino|03/26/1962|1656070686199|42194918-2|orci.Phasellus@feugiat.ca|35830|(0151) 644 9216
Illiana|Masculino|07/19/1968|1696090610999|19662722-7|Nam.ac.nulla@ametmetusAliquam.co.uk|T28 1FW|(020) 9727 8819
Charde|Masculino|02/17/1980|1693020198199|39662880-5|Nunc@sollicitudinamalesuada.net|70653-686|070 4230 0940
Lavinia|Masculino|06/21/1974|1676042773599|43618663-0|Cras.pellentesque.Sed@liberonec.co.uk|27-769|0845 46 48
Fredericka|Masculino|10/28/1976|1603060860199|24871454-9|malesuada.ut@Aeneansed.com|97297|0868 253 4473
Zia|Masculino|10/02/1981|1620102303299|32112620-0|Nunc.lectus@metus.ca|77532|0500 490107
Regina|Masculino|03/05/1979|1645070405899|26711887-6|tincidunt.pede.ac@ac.co.uk|79356|(0110) 298 8600
Summer|Masculino|05/08/1966|1644092923199|46362925-0|turpis@etnetuset.net|TG6 3BQ|0976 396 8591
Shana|Masculino|01/06/1973|1697022177399|40794922-6|Suspendisse.commodo@Sedeget.ca|30679|(018534) 94279
Rina|Masculino|05/13/1967|1685053067199|23189011-4|amet.dapibus@necquam.com|51276|055 0938 1888
Hadley|Masculino|02/12/1956|1678110968899|27410662-K|consequat.purus@tortor.net|48-695|(01098) 88351
Ivory|Masculino|12/04/1970|1664032163999|29310445-K|Quisque.fringilla.euismod@interdumenimnon.co.uk|742246|076 2172 1298
Jescie|Masculino|12/28/1969|1683091773099|30330719-2|eu.elit@cursus.com|23490|07624 686607
Karina|Masculino|04/19/1950|1612031501999|50794199-0|felis@sapienimperdietornare.ca|836427|0855 511 6632
Jennifer|Masculino|11/14/1978|1674050586799|44575527-3|urna@magnaCras.org|23334|0385 785 5425
Cailin|Masculino|02/17/1961|1664062195199|9288165-2|risus.Nunc.ac@eleifendnon.ca|21-341|076 9242 9906
Kai|Masculino|01/17/1974|1608101073799|45478770-6|nec.mollis.vitae@auctorullamcorpernisl.com|8288|0375 812 2656
Cara|Masculino|03/23/1980|1699032825099|17622604-8|accumsan@maurisipsumporta.com|7722|070 6255 7529
Willow|Masculino|10/17/1981|1673020761499|36700105-4|Curabitur.dictum@hendrerit.com|L5C 4Z9|(0121) 762 6923
Lesley|Masculino|01/29/1967|1609092421899|27916434-2|lacinia.Sed.congue@egestasSed.com|54120-635|0857 737 5959
Macy|Masculino|10/26/1972|1679071193599|49344599-5|nibh.dolor@ipsumnon.com|5367|07849 088326
Breanna|Masculino|01/21/1981|1636030798499|13950447-K|ullamcorper.eu@ullamcorpernislarcu.ca|171270|(014652) 61938
Hayfa|Masculino|08/24/1985|1679090628899|42015945-5|amet.risus.Donec@in.co.uk|6641|0800 436706
Carissa|Masculino|04/10/1969|1606012718499|40517594-0|blandit@antedictum.ca|4637|(0116) 174 6145
Tatiana|Masculino|08/22/1982|1632010830299|39331608-K|vitae.nibh@cursuspurusNullam.net|H6H 3NV|(01736) 91133
Madaline|Masculino|08/22/1983|1612081453099|12423787-4|gravida@massa.ca|95-622|07624 645420
Kylee|Masculino|06/23/1973|1647122525099|26242945-8|sed.libero@Suspendisse.co.uk|10507|0500 478112
Ivory|Masculino|12/26/1950|1656030263199|50478095-3|Sed.pharetra.felis@eratsemper.co.uk|5725FV|0845 46 41
Meghan|Masculino|05/10/1949|1640032285499|45687523-8|Nullam@Curabitur.com|91817|(0117) 925 2144
Blossom|Masculino|08/21/1957|1620032680499|16117155-7|ipsum.ac@scelerisquescelerisquedui.ca|P5S 1Y6|07624 188239
Dana|Masculino|07/13/1971|1645091319999|39394939-2|sapien.imperdiet@sodalesMauris.edu|6063|(0110) 560 4100
Halla|Masculino|08/11/1952|1693013089799|21208733-5|luctus.ipsum.leo@ametmetusAliquam.ca|T3V 8M2|070 6080 8240
Ima|Masculino|01/18/1964|1635121938699|20748491-1|tempus.lorem@mi.edu|26298|0339 466 6114
Phyllis|Masculino|03/26/1953|1676090735399|14037855-0|diam.eu@arcu.co.uk|694303|(01483) 92146
Madaline|Masculino|06/21/1952|1612020575299|7194531-6|elementum.at.egestas@vitaediamProin.net|11458|(01943) 08248
Deanna|Masculino|04/02/1982|1690061888399|30911314-4|ornare@massaQuisque.org|588003|0845 46 48
Doris|Masculino|07/20/1961|1621030428499|33214957-1|vestibulum@Aliquam.ca|6990|070 7980 6849
Nita|Masculino|10/17/1960|1635070509599|50552207-9|purus@velsapien.edu|41000|07457 513455
Iona|Masculino|04/02/1962|1699061085799|30883511-1|sollicitudin.commodo.ipsum@est.edu|92554|0800 919 2608
Maris|Masculino|03/11/1955|1635121696799|41708174-7|risus@vulputate.org|97735|(021) 3346 6267
Rhiannon|Masculino|04/03/1975|1620061048199|31480299-3|pharetra@urnaNunc.edu|7521WC|0834 275 0222
Alexis|Masculino|02/25/1978|1678022307999|11759832-2|id.enim.Curabitur@eget.org|19147|(0118) 134 5800
Cleo|Masculino|10/11/1983|1658022715299|17469927-5|blandit.mattis.Cras@nuncac.co.uk|72616|070 6894 4606
Aurelia|Masculino|07/04/1969|1679022364699|33689456-5|luctus.et.ultrices@natoquepenatibus.edu|02791|(019056) 42637
Anjolie|Masculino|11/18/1979|1606010308299|9223440-1|sed@Proinnonmassa.ca|2277|0845 46 46
Chanda|Masculino|06/21/1952|1666041620799|36483511-6|enim.Etiam.gravida@sagittisDuisgravida.edu|18972|(0114) 783 3457
Jocelyn|Masculino|11/11/1982|1656070856299|16239549-1|inceptos@sociis.ca|52524|(01204) 418749
Hilary|Masculino|02/06/1961|1612081119099|46570961-8|Nullam.feugiat.placerat@risus.com|54506|07357 539778
Amela|Masculino|01/01/1963|1655080615299|12175613-7|consectetuer.cursus.et@etmagnisdis.co.uk|17919-985|07624 530303
Vivian|Masculino|02/25/1985|1668112418199|38038426-4|dictum.augue.malesuada@adipiscingelitAliquam.co.uk|54670|056 1807 8441
Leigh|Masculino|07/10/1955|1694051342099|6120128-9|bibendum@dapibus.net|83501|055 9581 0867
Desiree|Masculino|04/21/1959|1621010346999|9005684-0|dolor.sit@habitantmorbi.org|23101-368|(0161) 173 9103
Kyla|Masculino|09/09/1977|1650011516399|40801502-2|Donec.est.Nunc@atortor.net|20-045|(0161) 227 5565
Maite|Masculino|08/15/1982|1682112822799|24641499-8|blandit.at@NuncmaurisMorbi.co.uk|3239TC|0800 574555
Amethyst|Masculino|02/03/1973|1646041625299|8750307-0|orci@Curabitur.org|39156|0845 46 45
Mona|Masculino|05/12/1966|1698120710699|14746606-4|sit.amet.orci@dolorFuscefeugiat.org|4316NX|(0116) 233 8432
Mechelle|Masculino|04/18/1965|1629012960999|50194084-4|neque@nec.co.uk|KM6 0DY|(016977) 8600
Petra|Masculino|06/08/1976|1632091114699|44447163-8|pede.nec.ante@ac.org|20904|070 3082 3931
Juliet|Masculino|08/25/1964|1656060460699|15132518-1|feugiat@Cras.com|29372|(0113) 401 0596
Signe|Masculino|11/26/1966|1618121215099|39587527-2|pharetra@blanditNamnulla.edu|86391|076 8796 5267
Belle|Masculino|09/05/1977|1678031169399|48943239-0|Vestibulum.accumsan@Aliquamtincidunt.co.uk|93896|076 8771 0499
Inez|Masculino|05/21/1975|1640051905599|42665488-1|lobortis.mauris.Suspendisse@cursusetmagna.co.uk|1750|(01340) 82738
Imani|Masculino|02/29/1960|1659120673599|9567094-6|et.nunc@infaucibusorci.org|5029|(0118) 943 7639
Sydnee|Masculino|01/15/1979|1645021745299|7220846-3|a@lobortis.com|71188|076 7544 2117
Kirby|Masculino|03/31/1956|1625102558699|14247492-1|augue.ac.ipsum@velconvallisin.org|267332|070 1393 1609
Amity|Masculino|07/19/1965|1669101548999|30955261-K|Aliquam.rutrum.lorem@vulputatenisisem.ca|3047|055 1561 7292
Dahlia|Masculino|05/25/1965|1667030793499|13231932-4|varius.Nam@velit.net|8822|0993 622 7997
Sloane|Masculino|12/05/1984|1686031738199|35908394-7|justo.Proin@nonenim.ca|70166|(01841) 618238
Naida|Masculino|01/12/1977|1660062047499|35064725-2|magna@ultriciesligula.edu|970453|(0121) 065 1435
Priscilla|Masculino|12/12/1963|1633022265999|45186510-2|venenatis.vel@lectuspedeultrices.ca|7859|0800 1111
Adena|Masculino|11/26/1950|1606111135099|16163933-8|diam.at.pretium@egestasascelerisque.co.uk|619682|(025) 9053 9994
Quemby|Masculino|04/11/1985|1610062095899|23167994-4|Proin.ultrices.Duis@fermentum.net|L5Y 0T1|0800 402 8283
Blaine|Masculino|04/29/1949|1601073092299|41378794-7|at.risus@Fuscefeugiat.org|8714|0800 1111
Jescie|Masculino|01/06/1967|1651062238899|32635775-8|molestie@malesuadafringillaest.net|N4B 8H7|(025) 2555 6798
Karleigh|Masculino|08/18/1962|1639101561499|16464881-8|diam.dictum@magna.ca|6215|0964 828 7790
Cynthia|Masculino|06/21/1950|1658051477899|36130741-0|iaculis.nec.eleifend@Suspendisse.com|1197|0800 1111
Angelica|Masculino|07/03/1982|1666051174499|47324907-3|aliquet.Proin@eu.com|WR5 7IX|0337 477 5272
Madeline|Masculino|08/23/1956|1697061708799|5750236-3|tellus.lorem@ultriciesdignissimlacus.ca|69716|0355 851 8090
Nichole|Masculino|10/11/1981|1627111424499|38772092-8|aliquet.molestie@disparturient.co.uk|40701|0364 159 6731
Chiquita|Masculino|08/09/1970|1621062402399|41380105-2|sed.sem@utsemNulla.com|12064|0957 829 3653
Genevieve|Masculino|09/25/1954|1697102122799|13973687-7|tortor.at@leoelementum.net|5384|(0119) 910 3437
Carissa|Masculino|07/29/1959|1639051979599|15197170-9|Morbi.neque@Integer.edu|1852|(016977) 5000
Sloane|Masculino|02/25/1955|1602052108899|41280584-4|turpis.In.condimentum@enim.net|7165|076 2689 2944
Victoria|Masculino|10/02/1962|1684030355999|32434669-4|dui@eleifendnec.net|28-636|0800 303 1198
Inga|Masculino|11/07/1962|1680033094699|50177642-4|tempus@amet.edu|28045|070 7175 9510
Amy|Masculino|05/06/1964|1653090286199|50968954-7|ac.turpis.egestas@magnisdisparturient.com|72617|0800 723542
Montana|Masculino|01/20/1965|1669010960099|50145899-6|adipiscing.elit@dignissimMaecenasornare.com|777924|0800 796492
Deirdre|Masculino|11/16/1970|1666021766299|6590402-0|id.libero@atfringilla.co.uk|96598|(020) 0348 9889
Sydney|Masculino|03/07/1958|1697030498999|26330928-6|Quisque.ac@nisl.ca|36614|(0112) 549 3714
Neve|Masculino|06/07/1969|1651090673499|5714473-4|amet.metus@nequeMorbiquis.edu|11003|(021) 9783 0935
Beatrice|Masculino|10/28/1972|1645092905599|5239777-4|Fusce.feugiat.Lorem@eget.co.uk|15314|(019438) 64533
Lisandra|Masculino|05/22/1979|1623010711299|7940375-K|auctor@Cumsociisnatoque.co.uk|6663|(0141) 969 1956
Jorden|Masculino|11/12/1952|1690101997299|16464529-0|semper@non.com|61403|0845 46 43
Violet|Masculino|06/02/1978|1608101062799|35780704-2|Nullam@nullaIntincidunt.ca|994195|0943 290 8123
Dora|Masculino|06/25/1981|1622040745099|40821811-K|sed.tortor@amet.net|31452|0800 432203
Karly|Masculino|04/20/1982|1637112274299|5016604-K|nunc.interdum.feugiat@diamDuismi.edu|949967|055 9045 7830
Brenda|Masculino|06/01/1984|1680063096699|22819243-0|sed.sem@dui.org|3493|(01150) 80573
Sophia|Masculino|03/30/1965|1693050423699|32768861-8|ipsum.dolor@gravidasit.edu|88446|0500 763722